accepted_id,canonicalName,phylum,family,genus,study_count
2703459,Oryza sativa,Tracheophyta,Poaceae,Oryza,577
5290052,Zea mays,Tracheophyta,Poaceae,Zea,529
7795888,Triticum aestivum,Tracheophyta,Poaceae,Triticum,467
2930137,Solanum lycopersicum,Tracheophyta,Solanaceae,Solanum,434
5359660,Glycine max,Tracheophyta,Fabaceae,Glycine,269
12227662,NA,Tracheophyta,Vitaceae,Vitis,246
3052436,Arabidopsis thaliana,Tracheophyta,Brassicaceae,Arabidopsis,188
2706056,Hordeum vulgare,Tracheophyta,Poaceae,Hordeum,162
5353770,Arachis hypogaea,Tracheophyta,Fabaceae,Arachis,132
2930262,Solanum tuberosum,Tracheophyta,Solanaceae,Solanum,127
5350452,Phaseolus vulgaris,Tracheophyta,Fabaceae,Phaseolus,127
3001244,Malus domestica,Tracheophyta,Rosaceae,Malus,126
2706231,Lolium arundinaceum,Tracheophyta,Poaceae,Lolium,124
2932944,Capsicum annuum,Tracheophyta,Solanaceae,Capsicum,99
5285637,Pinus sylvestris,Tracheophyta,Pinaceae,Pinus,92
2928774,Nicotiana tabacum,Tracheophyta,Solanaceae,Nicotiana,89
2762680,Musa acuminata,Tracheophyta,Musaceae,Musa,84
4141881,Achnatherum inebrians,Tracheophyta,Poaceae,Achnatherum,80
9920890,NA,Tracheophyta,Asteraceae,Helianthus,79
2874569,Cucumis sativus,Tracheophyta,Cucurbitaceae,Cucumis,77
3189635,Camellia sinensis,Tracheophyta,Theaceae,Camellia,77
3042636,Brassica napus,Tracheophyta,Brassicaceae,Brassica,74
3152661,Gossypium hirsutum,Tracheophyta,Malvaceae,Gossypium,74
2688470,Huperzia serrata,Tracheophyta,Lycopodiaceae,Huperzia,72
3152205,Theobroma cacao,Tracheophyta,Malvaceae,Theobroma,71
2705181,Sorghum bicolor,Tracheophyta,Poaceae,Sorghum,66
7403263,Lactuca sativa,Tracheophyta,Asteraceae,Lactuca,66
2895345,Coffea arabica,Tracheophyta,Rubiaceae,Coffea,64
5415040,Olea europaea,Tracheophyta,Oleaceae,Olea,62
2974832,Vicia faba,Tracheophyta,Fabaceae,Vicia,60
3172358,Fraxinus excelsior,Tracheophyta,Oleaceae,Fraxinus,60
2703912,Saccharum officinarum,Tracheophyta,Poaceae,Saccharum,59
2882316,Fagus sylvatica,Tracheophyta,Fagaceae,Fagus,59
2947311,Cicer arietinum,Tracheophyta,Fabaceae,Cicer,59
3169830,Catharanthus roseus,Tracheophyta,Apocynaceae,Catharanthus,59
9151957,Medicago sativa,Tracheophyta,Fabaceae,Medicago,58
3042845,Brassica oleracea,Tracheophyta,Brassicaceae,Brassica,57
2687885,Ginkgo biloba,Tracheophyta,Ginkgoaceae,Ginkgo,51
8877811,Panax notoginseng,Tracheophyta,Araliaceae,Panax,50
5290149,Phragmites australis,Tracheophyta,Poaceae,Phragmites,49
5317472,Dendrobium officinale,Tracheophyta,Orchidaceae,Dendrobium,49
2982380,Vigna radiata,Tracheophyta,Fabaceae,Vigna,47
4141276,Achnatherum sibiricum,Tracheophyta,Poaceae,Achnatherum,47
5347846,Lathyrus oleraceus,Tracheophyta,Fabaceae,Lathyrus,47
5372262,Panax ginseng,Tracheophyta,Araliaceae,Panax,47
2925403,Avicennia marina,Tracheophyta,Acanthaceae,Avicennia,45
2857697,Allium cepa,Tracheophyta,Amaryllidaceae,Allium,43
3029912,Fragaria ananassa,Tracheophyta,Rosaceae,Fragaria,43
3190638,Mangifera indica,Tracheophyta,Anacardiaceae,Mangifera,43
7903057,Brassica rapa,Tracheophyta,Brassicaceae,Brassica,40
8971274,Beta vulgaris,Tracheophyta,Amaranthaceae,Beta,39
7587087,Cajanus cajan,Tracheophyta,Fabaceae,Cajanus,38
3071171,Hevea brasiliensis,Tracheophyta,Euphorbiaceae,Hevea,35
8373355,Artemisia annua,Tracheophyta,Asteraceae,Artemisia,35
5358748,Trifolium repens,Tracheophyta,Fabaceae,Trifolium,34
2882849,Vaccinium corymbosum,Tracheophyta,Ericaceae,Vaccinium,33
2874570,Cucumis melo,Tracheophyta,Cucurbitaceae,Cucumis,32
10641922,NA,Tracheophyta,Poaceae,Lolium x Schedonorus,31
5295929,Paris polyphylla,Tracheophyta,Melanthiaceae,Paris,31
2731882,Elaeis guineensis,Tracheophyta,Arecaceae,Elaeis,30
3874179,Kandelia candel,Tracheophyta,Rhizophoraceae,Kandelia,30
10030707,NA,Tracheophyta,Betulaceae,Betula,29
2982583,Vigna unguiculata,Tracheophyta,Fabaceae,Vigna,29
5414566,Calotropis procera,Tracheophyta,Apocynaceae,Calotropis,29
7520328,Tinospora cordifolia,Tracheophyta,Menispermaceae,Tinospora,29
5284745,Picea glauca,Tracheophyta,Pinaceae,Picea,28
5421368,Anacardium occidentale,Tracheophyta,Anacardiaceae,Anacardium,28
10017862,NA,Tracheophyta,Fagaceae,Quercus,26
2757280,Zingiber officinale,Tracheophyta,Zingiberaceae,Zingiber,26
2875979,Corylus avellana,Tracheophyta,Betulaceae,Corylus,26
5317489,Dendrobium nobile,Tracheophyta,Orchidaceae,Dendrobium,26
5333294,Castanea sativa,Tracheophyta,Fagaceae,Castanea,26
5523984,Aquilaria sinensis,Tracheophyta,Thymelaeaceae,Aquilaria,26
8077391,Citrus aurantium,Tracheophyta,Rutaceae,Citrus,26
2928840,Withania somnifera,Tracheophyta,Solanaceae,Withania,25
3122433,Atractylodes lancea,Tracheophyta,Asteraceae,Atractylodes,25
6109699,Phoenix dactylifera,Tracheophyta,Arecaceae,Phoenix,25
3086518,Ceriops tagal,Tracheophyta,Rhizophoraceae,Ceriops,24
3086527,Rhizophora mucronata,Tracheophyta,Rhizophoraceae,Rhizophora,24
5285727,Pinus radiata,Tracheophyta,Pinaceae,Pinus,24
6109637,Cynodon dactylon,Tracheophyta,Poaceae,Cynodon,24
2685796,Pseudotsuga menziesii,Tracheophyta,Pinaceae,Pseudotsuga,23
2705081,Panicum virgatum,Tracheophyta,Poaceae,Panicum,23
2754595,Dioscorea zingiberensis,Tracheophyta,Dioscoreaceae,Dioscorea,23
3072953,Jatropha curcas,Tracheophyta,Euphorbiaceae,Jatropha,23
3086528,Rhizophora mangle,Tracheophyta,Rhizophoraceae,Rhizophora,23
3176787,Eucalyptus globulus,Tracheophyta,Myrtaceae,Eucalyptus,23
2706237,Lolium pratense,Tracheophyta,Poaceae,Lolium,22
5361880,Cannabis sativa,Tracheophyta,Cannabaceae,Cannabis,22
5380041,Ricinus communis,Tracheophyta,Euphorbiaceae,Ricinus,22
6359819,Acanthus ilicifolius,Tracheophyta,Acanthaceae,Acanthus,22
9827987,NA,Tracheophyta,Moraceae,Morus,22
2705290,Avena sativa,Tracheophyta,Poaceae,Avena,21
3056259,Acalypha indica,Tracheophyta,Euphorbiaceae,Acalypha,21
3086357,Piper nigrum,Tracheophyta,Piperaceae,Piper,21
3152707,Abelmoschus esculentus,Tracheophyta,Malvaceae,Abelmoschus,21
5360475,Trigonella foenum-graecum,Tracheophyta,Fabaceae,Trigonella,21
5579615,Tripterygium wilfordii,Tracheophyta,Celastraceae,Tripterygium,21
7861283,Glycyrrhiza uralensis,Tracheophyta,Fabaceae,Glycyrrhiza,21
8324121,Trifolium pratense,Tracheophyta,Fabaceae,Trifolium,21
