row_index,paper_id,interaction_id,field_name,raw_token,cleaned_token,resolution_method,is_ambiguous,ambiguity_count,confidence
1,doi:10.5586/aa.1977.024,int_0259f88c993460f6,fungal_taxon,fusarium sp.,fusarium sp.,no_match,False,0,0.00
2,doi:10.1007/bf02980298,int_237b929c4028b82a,plant_host,fragaria x ananassa (strawberry,fragaria x,no_match,False,0,0.00
3,doi:10.1007/bf02980298,int_ba782b2f5333cf94,plant_host,cv. tioga),cv. tioga,no_match,False,0,0.00
4,doi:10.1080/09670877709412477,int_9120ffc00c840803,fungal_taxon,not mentioned (nematode,not mentioned,no_match,False,0,0.00
5,doi:10.1080/09670877709412477,int_1788e46412e08fe9,fungal_taxon,ditylenchus angustus is not a fungus),ditylenchus angustus,no_match,False,0,0.00
7,doi:10.1111/j.1365-2338.1976.tb01551.x,int_7183c80adb112412,fungal_taxon,striga spp. (potato wart disease causal agent),striga spp.,no_match,False,0,0.00
8,doi:10.1111/j.1365-2338.1972.tb02122.x,int_99cdbe0f21a65c6c,plant_host,tulipa spp.,tulipa spp.,no_match,False,0,0.00
9,doi:10.1139/m75-258,int_63915cc236235837,fungal_taxon,glomus sp. (vesicular-arbuscular mycorrhiza),glomus sp.,no_match,False,0,0.00
9,doi:10.1139/m75-258,int_63915cc236235837,plant_host,populus x euramericana (yellow poplar),populus x,no_match,False,0,0.00
