iso_a3,country_name,study_count,centroid_lat,centroid_lon,gdp_year,gdp_current_usd,gdp_log10
CHN,China,1659,36.6914067431831,103.378049926917,2024,18743803170827.2,13.272857715075011
IND,India,921,22.7766431765647,79.5639109452937,2024,3909891533858.08,12.592164709595279
USA,United States,857,44.743731596937,-103.629562816976,2024,28750956130731.2,13.458652291995941
BRA,Brazil,502,-10.6390487664627,-53.2157339216592,2024,2185821648943.86,12.339614723011916
EGY,Egypt,305,26.4598028985904,29.8782696549861,2024,389059911003.566,11.590016483111897
NER,Niger,261,17.4120079568521,9.33161006984645,2024,19876128485.7857,10.298331795503932
CAN,Canada,223,60.4177669836648,-96.5486267196115,2024,2243636826633.76,12.350952559824094
IDN,Indonesia,214,-2.26406783400371,117.179730380946,2024,1396300098190.97,12.144978768560598
ITA,Italy,186,42.715684218698,12.2010490785751,2024,2380825077243.59,12.376727488316035
AUS,Australia,184,-25.7641815536472,134.303829130178,2024,1757022451652.83,12.244777311049441
THA,Thailand,180,15.0825849558476,101.00064850264,2024,526517658841.684,11.721412941540292
KOR,Korea,166,36.3733672310237,127.834771144178,2024,1875388209406.8,12.273091181264805
ARG,Argentina,161,-34.6839876700152,-64.7626148959144,2024,638365455340.04,11.805069377463727
MEX,Mexico,152,23.9241551716911,-102.170985309285,2024,1856365616165.94,12.268663515765258
ESP,Spain,143,40.207654001437,-3.70353622836341,2024,1725671652742.19,12.236958165094311
IRN,Iran,140,32.5273358185792,54.44087595747,2024,475252089215.416,11.676924034706827
NZL,New Zealand,133,-41.7023337343558,172.921343851446,2024,260172385097.616,11.415261198312523
JPN,Japan,129,37.4608804770672,137.660006270752,2024,4027597523550.58,12.605046065150125
PAK,Pakistan,127,29.8839453512329,69.1684395577689,2024,371570000121.266,11.57004064259895
DEU,Germany,118,51.0505772002016,10.3643715937789,2024,4685592577804.69,12.670764523077906
POL,Poland,116,52.111835614271,19.4197062974278,2024,917767106146.761,11.96273248801221
SAU,Saudi Arabia,115,24.086557980863,44.6631748161087,2024,1239804533333.33,12.093353220012046
ZAF,South Africa,111,-28.9742085192937,25.1934382246982,2024,401144998373.585,11.603301381625652
MYS,Malaysia,110,3.81114043138937,109.699342974294,2024,422227005428.688,11.62554600711845
BGD,Bangladesh,74,23.8606661358576,90.2471041168013,2024,450119432068.852,11.653327762234428
CHL,Chile,73,-36.0762464816833,-71.0561908529319,2024,330267137371.592,11.518865362161858
ATA,Antarctica,70,-84.9385929486308,82.0706689718262,NA,NA,NA
NOR,Norway,70,66.3603229362803,12.7458966089358,2024,483592648313.301,11.684479689994287
FRA,France,65,42.9551401793354,-6.67614110293884,2024,3160442622465.08,12.49974791016038
TWN,Taiwan,64,23.7502041987188,120.951465589739,NA,NA,NA
GBR,United Kingdom,63,54.011649752434,-2.75814206017949,2024,3686033044482.13,12.566559224255794
LKA,Sri Lanka,59,7.61103817958453,80.7016320198589,2024,98963185509.6499,10.995473666279482
NGA,Nigeria,56,9.59094557000066,8.07958685332263,2024,252261880141.151,11.401851628261783
MAR,Morocco,53,29.7668591307467,-8.7278477589121,2024,160610994054.734,11.205775270045308
FIN,Finland,51,64.2551359946432,26.194973104159,2024,298696961297.656,11.47523080446428
MNG,Mongolia,48,46.9562038928416,103.123972155588,2024,23794540024.5132,10.376477313810273
CHE,Switzerland,48,46.7988964222167,8.20628200253268,2024,936564198048.516,11.97153755202907
NLD,Netherlands,47,52.2269208415578,4.99154722169435,2024,1214927698572.66,12.084550433452657
PAN,Panama,47,8.52023299729671,-80.1187762360439,2024,86523959131.7472,10.93713638351014
RUS,Russia,45,66.033582596777,95.78893857594,2024,2173835806671.66,12.337226738025617
TUR,Turkey,45,39.1370133081839,35.1728012216458,2024,1359123768774.12,12.13325900761409
DZA,Algeria,43,28.055993421913,2.63118841954702,2024,269322281664.773,11.430272285100166
COL,Colombia,42,3.90348006164073,-73.0770322684778,2024,418818154879.271,11.622025499160088
PRT,Portugal,40,39.606210302125,-8.52813020383653,2024,313271185085.102,11.495920449991663
ECU,Ecuador,35,-1.42410985523635,-78.7492983168795,2024,124676074700,11.095783120497925
PHL,Philippines,35,11.7293432285371,122.919280095055,2024,461617509782.355,11.664282273842717
ROU,Romania,35,45.8484139837285,24.9831818039956,2024,382564217988.866,11.58270434714265
UKR,Ukraine,35,49.0218337180698,31.4626755070525,2024,190741262414.705,11.280444652671521
CMR,Cameroon,32,5.68116800254081,12.733943970586,2024,53296694320.2057,10.726700273135114
CRI,Costa Rica,30,9.97613127767007,-84.1898695369301,2024,95350423176.5962,10.979322624837218
URY,Uruguay,30,-32.79134091527,-56.0252057322354,2024,80961511073.5797,10.908278605286155
KEN,Kenya,26,0.599448827120255,37.7962282730763,2024,120339557905.932,11.080408411681423
PER,Peru,25,-9.10714962593639,-74.4207415923271,2024,289221969062.941,11.461231278527174
VNM,Vietnam,25,16.5442974835414,106.346507813442,2024,476388230307.175,11.6779610232226
CZE,Czech Rep.,23,49.7379966835855,15.3194407108538,2024,347034062928.479,11.540372104807693
SWE,Sweden,22,62.3836560724311,16.2669501808867,2024,603715224265.798,11.780832127868148
HUN,Hungary,20,47.1659125090957,19.37926775879,2024,222722738925.641,11.34776455868558
PRI,Puerto Rico,20,18.2285799428627,-66.473068197259,2024,126029527033.705,11.100472306431126
AUT,Austria,19,47.592293441981,14.1104300681977,2024,534790720466.822,11.728183862903675
TUN,Tunisia,18,34.0889554756156,9.55612881022213,2024,51332285656.5422,10.71039060238513
GRC,Greece,17,39.0479595976467,22.9642854512933,2024,256238371778.118,11.408644166016266
ISR,Israel,17,31.4512550871465,34.9999509555773,2024,540379921261.681,11.732699203697035
MLI,Mali,17,17.3151390059405,-3.59047300380448,2024,26794747239.8805,10.428049664613708
PRY,Paraguay,17,-23.2089093473311,-58.443433000362,2024,44458118397.4445,10.647951078090832
ETH,Ethiopia,16,8.61440064916273,39.6097922793134,2024,149740297952.986,11.17533869295129
IRQ,Iraq,15,33.0096663987366,43.7736761009852,2024,279641257615.385,11.446601246590262
DNK,Denmark,14,55.9749821619331,10.0422117794558,2024,424524722037.047,11.627902986291733
GHA,Ghana,14,7.94769971488172,-1.21698963069079,2024,82308110386.4641,10.915442631354964
SRB,Serbia,14,44.2113198332037,20.8066062926809,2024,90097765959.1114,10.954714022458985
NAM,Namibia,13,-22.0696900150308,17.1950199598704,2024,13372354511.716,10.126207881564053
SVN,Slovenia,13,46.1158904650478,14.8005232442775,2024,72972015197.3859,10.863156339907867
UZB,Uzbekistan,12,41.7754007507999,63.3030925540232,2024,114965293466.611,11.060566752259195
VEN,Venezuela,12,7.12227408159656,-66.1705444152375,2024,119802963257.783,11.078467560211788
HKG,Hong Kong,11,22.3982609095881,114.113750106644,2024,406863396487.342,11.60944862025727
OMN,Oman,11,20.5857751251697,56.0621306388693,2024,107137198769.386,11.029940287034952
GIN,Guinea,10,10.4373187593583,-10.9342459987654,2024,25008678293.4084,10.398090739909337
HRV,Croatia,9,45.0758927659601,16.4010529479644,2024,92983810328.9088,10.96840733891002
GEO,Georgia,8,42.1729419874369,43.5242560197085,2024,34189423544.9955,10.533891778382495
LTU,Lithuania,8,55.3237700608105,23.8970998789754,2024,84869215513.3648,10.928750187804186
SVK,Slovakia,8,48.7112808146637,19.4689717853406,2024,140934076532.375,11.149016014121912
SDN,Sudan,8,15.9679661132356,29.9074652465698,2024,49672435513.1126,10.696115454619221
TZA,Tanzania,8,-6.26824779739325,34.801810647267,2024,78844405385.2195,10.89677088223653
BOL,Bolivia,7,-16.681984236519,-64.6984386207499,2024,54881327452.9667,10.73942460740945
BFA,Burkina Faso,7,12.2707262425414,-1.76113831482965,2024,23124729853.0218,10.364076667939623
CUB,Cuba,7,21.6379353401774,-78.9870541271383,2020,107352000000,11.030810139884263
EST,Estonia,7,58.6729024299068,25.545032877453,2024,43130419829.35,10.634783685567298
NPL,Nepal,7,28.2580425125365,83.9468444279168,2024,42914268286.7109,10.632601711950006
UGA,Uganda,7,1.27423154246739,32.3686653753119,2024,53911907086.1525,10.731684694884532
BGR,Bulgaria,6,42.7712410532641,25.2091326182522,2024,113343355779.985,11.054396066741644
IRL,Ireland,6,53.1625330783272,-8.14571834250354,2024,609157459747.205,11.78472956695204
BEL,Belgium,5,50.6391310051005,4.64783125187333,2024,671370081636.406,11.8269619838144
HND,Honduras,5,14.8290802772322,-86.6176147831547,2024,37093565854.0437,10.569298584644223
MDG,Madagascar,5,-19.3164837005686,46.7428900556254,2024,17420501490.1231,10.241060653040089
MNE,Montenegro,5,42.7880033068397,19.2386306670085,2024,8270016670.86774,9.917506385013075
PNG,Papua New Guinea,5,-6.46858138616668,145.200496709558,2024,31800428265.5246,10.502432968792663
SGP,Singapore,5,1.35876224689065,103.817255828195,2024,547386645891.847,11.73829419810475
PYF,Fr. Polynesia,4,-14.7131078115589,-144.785420562981,2024,6323716355.05009,9.80097238178528
KAZ,Kazakhstan,4,48.3616709141513,67.245502623578,2024,291480274648.826,11.464609170069215
BLR,Belarus,3,53.5195205530221,28.0149551024805,2024,75961865471.9129,10.880595621602234
BMU,Bermuda,3,32.3136780686167,-64.7546002002701,2024,9233600000,9.965371056964587
BRN,Brunei,3,4.51968373105294,114.721966207324,2024,15340808592.48,10.185848251268585
COG,Congo,3,-0.836992405518087,15.2211423451148,2024,15719986076.6464,10.196452157044464
GUY,Guyana,3,4.78964291142976,-58.9799209901224,2024,24662709832.1343,10.392040793285098
LBY,Libya,3,27.016716394901,18.0667932088379,2024,48487151215.345,10.685626668590668
MUS,Mauritius,3,-20.2776195923663,57.5712647063556,2024,14937861786.17,10.17428843677486
NCL,New Caledonia,3,-21.3008860612366,165.679742551398,2024,8548919387.12607,9.931911221878137
SYR,Syria,3,35.0190479430799,38.487839822871,2022,23622827079.5047,10.373331870904838
TTO,Trinidad and Tobago,3,10.4571725762484,-61.2659018391326,2024,25633544529.4849,10.408808663272096
ZWE,Zimbabwe,3,-18.9970468184375,29.8510133848713,2024,41539411516.4448,10.61846033964802
AFG,Afghanistan,2,33.8187564243444,65.9259998083739,2023,17152234636.8715,10.234320709057542
AZE,Azerbaijan,2,40.2866618407123,47.5478416573093,2024,74315882352.9412,10.871081638540256
ERI,Eritrea,2,15.3611244583121,38.8572739658584,2011,2065001626.01626,9.314920397963176
GRL,Greenland,2,73.0812153467454,-41.8136722745856,2023,3326543974.39193,9.521993268864145
ISL,Iceland,2,64.9978841290345,-18.5800336627103,2024,33255181468.938202,10.521859322061719
JAM,Jamaica,2,18.1574508770119,-77.3143958349437,2024,22014397089.7689,10.342706795897206
JEY,Jersey,2,49.2183874346051,-2.12689068199444,NA,NA,NA
JOR,Jordan,2,31.2387026477013,36.7576835960932,2024,53352289577.4648,10.727153061614707
LVA,Latvia,2,56.8595216467316,24.9204470200195,2024,43684254432.3609,10.640324927922917
LBN,Lebanon,2,33.9215988442913,35.8776957799568,2023,20078620356.9931,10.302733868237446
LUX,Luxembourg,2,49.7667823865565,6.07215816344379,2024,93279851863.4062,10.969787847717722
MMR,Myanmar,2,21.1129068908602,96.4947556002813,2024,74068349523.8095,10.86963266731005
QAT,Qatar,2,25.3048623619667,51.1846516738005,2024,219162637362.637,11.340766518013577
TLS,Timor-Leste,2,-8.8293216548526,125.845107820645,2024,1865608515.41321,9.270820515384091
YEM,Yemen,2,15.9172806811685,47.5677872476925,2018,21606160663.0318,10.334577601173088
ALB,Albania,1,41.1348736944403,20.0518459027132,2024,27046429296.6673,10.43210993712782
BRB,Barbados,1,13.1814498004285,-59.5597850951858,2024,7498050000,9.874948332144706
BEN,Benin,1,9.63561224093509,2.32661465004568,2024,21482643706.4249,10.332087725652393
BTN,Bhutan,1,27.4121377973,90.4021595998385,2023,3012896789.24928,9.478984254598265
BIH,Bosnia and Herz.,1,44.1714743326079,17.7748915741405,2024,29613572022.8993,10.47149079564564
BWA,Botswana,1,-22.1652447872488,23.8086129025041,2024,19402063512.9066,10.287847921920465
BDI,Burundi,1,-3.35921514928519,29.8752284293783,2024,3082433067.32634,9.488893654998044
KHM,Cambodia,1,12.7194949077631,104.905337576565,2024,46352647037.2406,10.666074540224674
TCD,Chad,1,15.2753594087916,18.6349974957478,2024,19518819751.283,10.290453553545747
CIV,Côte d'Ivoire,1,7.62587837014599,-5.56910294234613,2024,87113179149.284,10.940083863375412
COD,Dem. Rep. Congo,1,-2.86548803879884,23.6377472422809,2024,70962185790.7094,10.851026984250723
DMA,Dominica,1,15.4394350108441,-61.3577005414183,2024,688881481.481481,8.838144510200683
DOM,Dominican Rep.,1,18.8951155518329,-70.5052413454715,2024,124282245638.568,11.094409091860273
GTM,Guatemala,1,15.6901195659811,-90.3672121144358,2024,113199581158.203,11.053844819952802
GNB,Guinea-Bissau,1,12.0477507940677,-14.9499240579018,2024,2218393804.54798,9.346038643689178
IMN,Isle of Man,1,54.2240959079977,-4.53903854050941,2022,7431257410.92713,9.87106230506933
LAO,Lao PDR,1,18.4874181999202,103.774934404086,2024,16502933121.3379,10.217561139680774
MWI,Malawi,1,-13.2044253756452,34.282847529032,2024,11316411329.4619,10.053708724828514
MLT,Malta,1,35.9214721473637,14.4053767628788,2024,24971574502.4475,10.397445926258714
MDA,Moldova,1,47.1871728331027,28.4656191736062,2024,18200340853.6517,10.260079521472653
MOZ,Mozambique,1,-17.1958575415341,35.6027277377491,2024,22745341305.0622,10.356892458017724
NIC,Nicaragua,1,12.8449927189211,-85.0319410654719,2024,19693982967.5926,10.294333557982576
SGS,S. Geo. and S. Sandw. Is.,1,-54.4633925402911,-36.4874248269023,NA,NA,NA
SEN,Senegal,1,14.3648110913115,-14.4694479437439,2024,32808056600.9436,10.515980505531326
TGO,Togo,1,8.52077978485004,0.963859665348356,2024,10651180146.531,10.027397730096924
ARE,United Arab Emirates,1,23.9053203377423,54.2926697922684,2024,552324846834.581,11.742194580794616
VUT,Vanuatu,1,-16.2169690416025,167.675345939338,2024,1117972034.22642,9.048430939925133
ZMB,Zambia,1,-13.4555254959824,27.8085818823144,2024,25303185342.2511,10.40317519664951
ALA,Aland,0,60.2148676911849,19.9535538111446,NA,NA,NA
ASM,American Samoa,0,-14.3044663343105,-170.718018842331,2022,871000000,8.940018155007664
AND,Andorra,0,42.5422864057591,1.56052469127473,2024,4039842405.48117,9.60636442358465
AGO,Angola,0,-12.2706139240382,17.5317833738886,2024,100998916781.079,11.004316715975486
AIA,Anguilla,0,18.2239725989557,-63.0649996801631,NA,NA,NA
ATG,Antigua and Barb.,0,17.2771040484643,-61.7946721591689,2024,2207622874.07407,9.343924885317433
ARM,Armenia,0,40.2873277774884,44.938311792247,2024,25955275380.0321,10.414225641012745
ABW,Aruba,0,12.5208780608318,-69.9826639657359,2024,4265650673.00236,9.629985286884786
BHS,Bahamas,0,24.2800188100739,-76.5901602927938,2024,15832800000,10.199557725792058
BHR,Bahrain,0,26.0419637708084,50.5419933611208,2024,47109734308.5106,10.673110654892593
BLZ,Belize,0,17.1982988494049,-88.7110676149564,2024,3203631800,9.505642595921215
IOT,Br. Indian Ocean Ter.,0,-7.33059326968775,72.4454107176736,NA,NA,NA
VGB,British Virgin Is.,0,18.5258126284725,-64.4716170380985,NA,NA,NA
CPV,Cape Verde,0,15.9533054786086,-23.9565439870292,2024,2725414150.72735,9.435432506505856
CYM,Cayman Is.,0,19.4298043826201,-80.9134942978663,2023,7241244269.45972,9.859813197817418
CAF,Central African Rep.,0,6.57229915888352,20.4618329844355,2024,2751494281.06887,9.439568614474883
COM,Comoros,0,-11.8779085341834,43.6816567481971,2024,1440991455.45188,9.158661405615446
COK,Cook Is.,0,-21.2192740081892,-159.787243023607,NA,NA,NA
CUW,Curaçao,0,12.1955184194906,-68.9711179452218,2024,3561178196.20713,9.55159370568582
CYP,Cyprus,0,34.917087328158,33.0058102965142,2024,37634533331.8902,10.575586535153299
PRK,Dem. Rep. Korea,0,40.1400742688939,127.159122779144,NA,NA,NA
DJI,Djibouti,0,11.7483067109973,42.5600788811058,2024,4152145939.98458,9.618272609728677
SLV,El Salvador,0,13.7398637309967,-88.8709570558223,2024,35364960000,10.548573171204296
GNQ,Eq. Guinea,0,1.7054056406736,10.3417277917495,2024,12765777677.0622,10.106047276685839
FRO,Faeroe Is.,0,62.0522625282412,-6.88046143028574,2024,4052937169.76536,9.607769871189088
FLK,Falkland Is.,0,-51.7464413279952,-59.3498833387688,NA,NA,NA
FJI,Fiji,0,-17.4275459952068,178.512028316141,2024,5968125909.27126,9.775837976851495
ATF,Fr. S. Antarctic Lands,0,-49.2683171907122,69.1998846260328,NA,NA,NA
GAB,Gabon,0,-0.586446585293701,11.7887417164631,2024,20895684425.6752,10.320056600769234
GMB,Gambia,0,13.4509534894153,-15.3963233144453,2024,2404888749.21907,9.381094990598502
GRD,Grenada,0,12.1172424371992,-61.6822117335207,2024,1371918518.51852,9.137328318361535
GUM,Guam,0,13.4416293676101,144.767851873217,2022,6910000000,9.839478047374199
GGY,Guernsey,0,49.468103758266,-2.57240443102482,NA,NA,NA
HTI,Haiti,0,18.9345751327125,-72.6867625349952,2024,25224154990.7946,10.401816626287266
HMD,Heard I. and McDonald Is.,0,-53.0872651198047,73.5203521795845,NA,NA,NA
KIR,Kiribati,0,0.892901083483931,-167.919703075942,2024,307862564.489711,8.48835688271944
KWT,Kuwait,0,29.3332785762653,47.5877796922595,2024,160227273053.334,11.204736441388997
KGZ,Kyrgyzstan,0,41.4743103610779,74.5090861452259,2024,17478259659.2625,10.242498186993645
LSO,Lesotho,0,-29.5790637034594,28.2289621119569,2024,2271759454.51107,9.356362344156466
LBR,Liberia,0,6.45195767187024,-9.3198326185766,2024,4779300900,9.679364374127365
LIE,Liechtenstein,0,47.1366265853552,9.53575260315686,2023,8239379403.22096,9.915894501514268
MAC,Macao,0,22.2231175774803,113.509319741433,2024,49467258923.3244,10.694317845932076
MKD,Macedonia,0,41.5951915568665,21.6805957755044,2024,16951682245.4202,10.229212803049483
MDV,Maldives,0,3.72846116652362,73.4570805449481,2024,7061608267.25451,9.848903622022258
MHL,Marshall Is.,0,7.00279059022283,170.342582564537,2024,290108489.990234,8.462560438564669
MRT,Mauritania,0,20.2206937819397,-10.3699167227552,2024,10908045686.8808,10.03774694825737
FSM,Micronesia,0,7.53089159197172,153.322721733101,2024,471425099.488675,8.673412701394165
MCO,Monaco,0,43.7527482443154,7.40627449424239,2024,11125783372.4794,10.046330599641056
MSR,Montserrat,0,16.7394123859652,-62.1851850423942,NA,NA,NA
MNP,N. Mariana Is.,0,15.8171137442989,145.618094745429,2022,1096000000,9.03981055414835
NRU,Nauru,0,-0.519126365152906,166.932568247741,2024,162588620.632234,8.211090146611271
NIU,Niue,0,-19.0494561591082,-169.869942739257,NA,NA,NA
NFK,Norfolk Island,0,-29.0514598846554,167.949215558769,NA,NA,NA
PLW,Palau,0,7.28668448242342,134.405780784616,2023,276733062.744141,8.442061049670523
PSE,Palestine,0,31.9152202927946,35.1954797201765,2024,13711100000,10.137072298317332
PCN,Pitcairn Is.,0,-24.3650031851042,-128.317044328348,NA,NA,NA
RWA,Rwanda,0,-1.99032494652452,29.9199828908339,2024,14251642235.0968,10.153864911540788
SSD,S. Sudan,0,7.30869694761168,30.251333835259,2015,11997800760.2242,10.079101645611633
SHN,Saint Helena,0,-12.3792423437637,-9.67419767139883,NA,NA,NA
LCA,Saint Lucia,0,13.8947730044762,-60.9697106588895,2024,2549062962.96296,9.406380562864193
WSM,Samoa,0,-13.7534008948444,-172.165304583466,2024,1175749785.65113,9.070314908242663
SMR,San Marino,0,43.9418652349619,12.4592152183486,2023,2027527227.831,9.306966695098907
SYC,Seychelles,0,-4.66098974524066,55.4760277998135,2024,2167239562.46013,9.33590692004343
SLE,Sierra Leone,0,8.56249233371959,-11.7926118502773,2024,6971127235.3123,9.843303009445696
SXM,Sint Maarten,0,18.0508225280051,-63.0571336446886,2024,1797836665.95136,9.254750233393779
SLB,Solomon Is.,0,-8.92311718635583,159.622342567313,2024,1583964703.75061,9.19974549976791
SOM,Somalia,0,4.73940621544563,45.6792928368265,2024,11967000000,10.077985291029503
BLM,St-Barthélemy,0,17.8988056284832,-62.840676930188,NA,NA,NA
MAF,St-Martin,0,18.0888907568131,-63.0597289426657,2021,649206262.847519,8.812382700782967
KNA,St. Kitts and Nevis,0,17.264578665519,-62.687467247912,2024,1122388888.88889,9.05014335873473
SPM,St. Pierre and Miquelon,0,46.9190002035698,-56.3030603367337,NA,NA,NA
VCT,St. Vin. and Gren.,0,13.2246770323331,-61.2013173917894,2024,1157207407.40741,9.063411204949906
SUR,Suriname,0,4.12984829312196,-55.9124311661924,2024,4416775112.09627,9.64510528695093
SWZ,Swaziland,0,-26.5575464900803,31.4818696059185,2024,4858885840.77236,9.686536695460404
STP,São Tomé and Principe,0,0.443840111655542,6.72421638168838,2024,822154621.088897,8.91495350217607
TJK,Tajikistan,0,38.5365490323607,71.0268540254553,2024,14204575548.5536,10.152428260961095
TON,Tonga,0,-20.4205125691269,-174.801931117209,2023,591139749.44287,8.771690163177826
TKM,Turkmenistan,0,39.1254707152383,59.4464223577453,2024,51387209872.2994,10.7108550378066
TCA,Turks and Caicos Is.,0,21.8306218778817,-71.9739066622584,2024,1745378000,9.241889497505106
VIR,U.S. Virgin Is.,0,17.9545679151246,-64.8028713170847,2022,4672000000,9.669502834104343
VAT,Vatican,0,41.9017498858824,12.4338717583753,NA,NA,NA
ESH,W. Sahara,0,24.2117292428168,-12.2714969904972,NA,NA,NA
WLF,Wallis and Futuna Is.,0,-13.8882289338807,-177.344319930891,NA,NA,NA
